num_step,gregaire,peureuse,kamikaze,prevoyante,pers_multi,camouflage,carapace,nageoires,yeux,oreilles
0,0,0,100,0,0,0,0,0,0,0
1,0,0,100,0,0,0,0,0,0,0
2,0,0,100,0,0,0,0,0,0,0
3,0,0,100,0,0,0,0,0,0,0
4,0,0,100,0,0,0,0,0,0,0
5,0,0,100,0,0,0,0,0,0,0
6,0,0,100,0,0,0,0,0,0,0
7,0,0,100,0,0,0,0,0,0,0
8,0,0,100,0,0,0,0,0,0,0
9,0,0,100,0,0,0,0,0,0,0
10,0,0,100,0,0,0,0,0,0,0
11,0,0,100,0,0,0,0,0,0,0
12,0,0,100,0,0,0,0,0,0,0
13,0,0,100,0,0,0,0,0,0,0
14,0,0,100,0,0,0,0,0,0,0
15,0,0,100,0,0,0,0,0,0,0
16,0,0,100,0,0,0,0,0,0,0
17,0,0,100,0,0,0,0,0,0,0
18,0,0,100,0,0,0,0,0,0,0
19,0,0,100,0,0,0,0,0,0,0
20,0,0,100,0,0,0,0,0,0,0
21,0,0,100,0,0,0,0,0,0,0
22,0,0,100,0,0,0,0,0,0,0
23,0,0,100,0,0,0,0,0,0,0
24,0,0,100,0,0,0,0,0,0,0
25,0,0,100,0,0,0,0,0,0,0
26,0,0,100,0,0,0,0,0,0,0
27,0,0,100,0,0,0,0,0,0,0
28,0,0,100,0,0,0,0,0,0,0
29,0,0,100,0,0,0,0,0,0,0
30,0,0,100,0,0,0,0,0,0,0
31,0,0,100,0,0,0,0,0,0,0
32,0,0,100,0,0,0,0,0,0,0
33,0,0,100,0,0,0,0,0,0,0
34,0,0,100,0,0,0,0,0,0,0
35,0,0,100,0,0,0,0,0,0,0
36,0,0,100,0,0,0,0,0,0,0
37,0,0,100,0,0,0,0,0,0,0
38,0,0,100,0,0,0,0,0,0,0
39,0,0,100,0,0,0,0,0,0,0
40,0,0,100,0,0,0,0,0,0,0
41,0,0,100,0,0,0,0,0,0,0
42,0,0,100,0,0,0,0,0,0,0
43,0,0,100,0,0,0,0,0,0,0
44,0,0,100,0,0,0,0,0,0,0
45,0,0,100,0,0,0,0,0,0,0
46,0,0,100,0,0,0,0,0,0,0
47,0,0,100,0,0,0,0,0,0,0
48,0,0,100,0,0,0,0,0,0,0
49,0,0,100,0,0,0,0,0,0,0
50,0,0,100,0,0,0,0,0,0,0
51,0,0,100,0,0,0,0,0,0,0
52,0,0,100,0,0,0,0,0,0,0
53,0,0,100,0,0,0,0,0,0,0
54,0,0,100,0,0,0,0,0,0,0
55,0,0,100,0,0,0,0,0,0,0
56,0,0,100,0,0,0,0,0,0,0
57,0,0,100,0,0,0,0,0,0,0
58,0,0,100,0,0,0,0,0,0,0
59,0,0,100,0,0,0,0,0,0,0
60,0,0,100,0,0,0,0,0,0,0
61,0,0,100,0,0,0,0,0,0,0
62,0,0,100,0,0,0,0,0,0,0
63,0,0,100,0,0,0,0,0,0,0
64,0,0,100,0,0,0,0,0,0,0
65,0,0,100,0,0,0,0,0,0,0
66,0,0,100,0,0,0,0,0,0,0
67,0,0,100,0,0,0,0,0,0,0
68,0,0,100,0,0,0,0,0,0,0
69,0,0,100,0,0,0,0,0,0,0
70,0,0,100,0,0,0,0,0,0,0
71,0,0,100,0,0,0,0,0,0,0
72,0,0,100,0,0,0,0,0,0,0
73,0,0,100,0,0,0,0,0,0,0
74,0,0,100,0,0,0,0,0,0,0
75,0,0,100,0,0,0,0,0,0,0
76,0,0,100,0,0,0,0,0,0,0
77,0,0,100,0,0,0,0,0,0,0
78,0,0,100,0,0,0,0,0,0,0
79,0,0,100,0,0,0,0,0,0,0
80,0,0,100,0,0,0,0,0,0,0
81,0,0,100,0,0,0,0,0,0,0
82,0,0,100,0,0,0,0,0,0,0
83,0,0,100,0,0,0,0,0,0,0
84,0,0,100,0,0,0,0,0,0,0
85,0,0,100,0,0,0,0,0,0,0
86,0,0,100,0,0,0,0,0,0,0
87,0,0,100,0,0,0,0,0,0,0
88,0,0,100,0,0,0,0,0,0,0
89,0,0,100,0,0,0,0,0,0,0
90,0,0,100,0,0,0,0,0,0,0
91,0,0,100,0,0,0,0,0,0,0
92,0,0,100,0,0,0,0,0,0,0
93,0,0,100,0,0,0,0,0,0,0
94,0,0,100,0,0,0,0,0,0,0
95,0,0,100,0,0,0,0,0,0,0
96,0,0,100,0,0,0,0,0,0,0
97,0,0,100,0,0,0,0,0,0,0
98,0,0,100,0,0,0,0,0,0,0
99,0,0,100,0,0,0,0,0,0,0
100,0,0,100,0,0,0,0,0,0,0
101,0,0,100,0,0,0,0,0,0,0
102,0,0,100,0,0,0,0,0,0,0
103,0,0,100,0,0,0,0,0,0,0
104,0,0,100,0,0,0,0,0,0,0
105,0,0,100,0,0,0,0,0,0,0
106,0,0,100,0,0,0,0,0,0,0
107,0,0,100,0,0,0,0,0,0,0
108,0,0,100,0,0,0,0,0,0,0
109,0,0,100,0,0,0,0,0,0,0
110,0,0,100,0,0,0,0,0,0,0
111,0,0,100,0,0,0,0,0,0,0
112,0,0,100,0,0,0,0,0,0,0
113,0,0,100,0,0,0,0,0,0,0
114,0,0,100,0,0,0,0,0,0,0
115,0,0,100,0,0,0,0,0,0,0
116,0,0,100,0,0,0,0,0,0,0
117,0,0,100,0,0,0,0,0,0,0
118,0,0,100,0,0,0,0,0,0,0
119,0,0,100,0,0,0,0,0,0,0
120,0,0,100,0,0,0,0,0,0,0
121,0,0,100,0,0,0,0,0,0,0
122,0,0,100,0,0,0,0,0,0,0
123,0,0,100,0,0,0,0,0,0,0
124,0,0,100,0,0,0,0,0,0,0
125,0,0,100,0,0,0,0,0,0,0
126,0,0,100,0,0,0,0,0,0,0
127,0,0,100,0,0,0,0,0,0,0
128,0,0,100,0,0,0,0,0,0,0
129,0,0,100,0,0,0,0,0,0,0
130,0,0,100,0,0,0,0,0,0,0
131,0,0,100,0,0,0,0,0,0,0
132,0,0,100,0,0,0,0,0,0,0
133,0,0,100,0,0,0,0,0,0,0
134,0,0,100,0,0,0,0,0,0,0
135,0,0,100,0,0,0,0,0,0,0
136,0,0,100,0,0,0,0,0,0,0
137,0,0,100,0,0,0,0,0,0,0
138,0,0,100,0,0,0,0,0,0,0
139,0,0,100,0,0,0,0,0,0,0
140,0,0,100,0,0,0,0,0,0,0
141,0,0,100,0,0,0,0,0,0,0
142,0,0,100,0,0,0,0,0,0,0
143,0,0,100,0,0,0,0,0,0,0
144,0,0,100,0,0,0,0,0,0,0
145,0,0,100,0,0,0,0,0,0,0
146,0,0,100,0,0,0,0,0,0,0
147,0,0,100,0,0,0,0,0,0,0
148,0,0,100,0,0,0,0,0,0,0
149,0,0,100,0,0,0,0,0,0,0
150,0,0,100,0,0,0,0,0,0,0
151,0,0,100,0,0,0,0,0,0,0
152,0,0,100,0,0,0,0,0,0,0
153,0,0,100,0,0,0,0,0,0,0
154,0,0,100,0,0,0,0,0,0,0
155,0,0,100,0,0,0,0,0,0,0
156,0,0,100,0,0,0,0,0,0,0
157,0,0,100,0,0,0,0,0,0,0
158,0,0,100,0,0,0,0,0,0,0
159,0,0,100,0,0,0,0,0,0,0
160,0,0,100,0,0,0,0,0,0,0
161,0,0,100,0,0,0,0,0,0,0
162,0,0,100,0,0,0,0,0,0,0
163,0,0,100,0,0,0,0,0,0,0
164,0,0,100,0,0,0,0,0,0,0
165,0,0,100,0,0,0,0,0,0,0
166,0,0,100,0,0,0,0,0,0,0
167,0,0,100,0,0,0,0,0,0,0
168,0,0,100,0,0,0,0,0,0,0
169,0,0,100,0,0,0,0,0,0,0
170,0,0,100,0,0,0,0,0,0,0
171,0,0,100,0,0,0,0,0,0,0
172,0,0,100,0,0,0,0,0,0,0
173,50,0,50,0,0,0,0,50,0,0
174,50,0,50,0,0,0,0,50,0,0
175,50,0,50,0,0,0,0,50,0,0
176,50,0,50,0,0,0,0,50,0,0
177,50,0,50,0,0,0,0,50,0,0
178,50,0,50,0,0,0,0,50,0,0
179,50,0,50,0,0,0,0,50,0,0
180,50,0,50,0,0,0,0,50,0,0
181,50,0,50,0,0,0,0,50,0,0
182,50,0,50,0,0,0,0,50,0,0
183,50,0,50,0,0,0,0,50,0,0
184,50,0,50,0,0,0,0,50,0,0
185,50,0,50,0,0,0,0,50,0,0
186,50,0,50,0,0,0,0,50,0,0
187,50,0,50,0,0,0,0,50,0,0
188,50,0,50,0,0,0,0,50,0,0
189,50,0,50,0,0,0,0,50,0,0
190,50,0,50,0,0,0,0,50,0,0
191,50,0,50,0,0,0,0,50,0,0
192,50,0,50,0,0,0,0,50,0,0
193,50,0,50,0,0,0,0,50,0,0
194,50,0,50,0,0,0,0,50,0,0
195,50,0,50,0,0,0,0,50,0,0
196,50,0,50,0,0,0,0,50,0,0
197,50,0,50,0,0,0,0,50,0,0
198,50,0,50,0,0,0,0,50,0,0
199,50,0,50,0,0,0,0,50,0,0
200,50,0,50,0,0,0,0,50,0,0
201,50,0,50,0,0,0,0,50,0,0
202,50,0,50,0,0,0,0,50,0,0
203,50,0,50,0,0,0,0,50,0,0
204,50,0,50,0,0,0,0,50,0,0
205,50,0,50,0,0,0,0,50,0,0
206,50,0,50,0,0,0,0,50,0,0
207,50,0,50,0,0,0,0,50,0,0
208,50,0,50,0,0,0,0,50,0,0
209,50,0,50,0,0,0,0,50,0,0
210,50,0,50,0,0,0,0,50,0,0
211,50,0,50,0,0,0,0,50,0,0
212,50,0,50,0,0,0,0,50,0,0
213,50,0,50,0,0,0,0,50,0,0
214,50,0,50,0,0,0,0,50,0,0
215,50,0,50,0,0,0,0,50,0,0
216,50,0,50,0,0,0,0,50,0,0
217,50,0,50,0,0,0,0,50,0,0
218,50,0,50,0,0,0,0,50,0,0
219,50,0,50,0,0,0,0,50,0,0
220,50,0,50,0,0,0,0,50,0,0
221,50,0,50,0,0,0,0,50,0,0
222,50,0,50,0,0,0,0,50,0,0
223,50,0,50,0,0,0,0,50,0,0
224,50,0,50,0,0,0,0,50,0,0
225,50,0,50,0,0,0,0,50,0,0
226,50,0,50,0,0,0,0,50,0,0
227,33.3333,0,66.6667,0,0,0,33.3333,33.3333,0,0
228,33.3333,0,66.6667,0,0,0,33.3333,33.3333,0,0
229,33.3333,0,66.6667,0,0,0,33.3333,33.3333,0,0
230,33.3333,0,66.6667,0,0,0,33.3333,33.3333,0,0
231,33.3333,0,66.6667,0,0,0,33.3333,33.3333,0,0
232,33.3333,0,66.6667,0,0,0,33.3333,33.3333,0,0
233,33.3333,0,66.6667,0,0,0,33.3333,33.3333,0,0
234,33.3333,0,66.6667,0,0,0,33.3333,33.3333,0,0
235,33.3333,0,66.6667,0,0,0,33.3333,33.3333,0,0
236,33.3333,0,66.6667,0,0,0,33.3333,33.3333,0,0
237,33.3333,0,66.6667,0,0,0,33.3333,33.3333,0,0
238,33.3333,0,66.6667,0,0,0,33.3333,33.3333,0,0
239,33.3333,0,66.6667,0,0,0,33.3333,33.3333,0,0
240,33.3333,0,66.6667,0,0,0,33.3333,33.3333,0,0
241,33.3333,0,66.6667,0,0,0,33.3333,33.3333,0,0
242,33.3333,0,66.6667,0,0,0,33.3333,33.3333,0,0
243,33.3333,0,66.6667,0,0,0,33.3333,33.3333,0,0
244,33.3333,0,66.6667,0,0,0,33.3333,33.3333,0,0
245,33.3333,0,66.6667,0,0,0,33.3333,33.3333,0,0
246,33.3333,0,66.6667,0,0,0,33.3333,33.3333,0,0
247,33.3333,0,66.6667,0,0,0,33.3333,33.3333,0,0
248,33.3333,0,66.6667,0,0,0,33.3333,33.3333,0,0
249,33.3333,0,66.6667,0,0,0,33.3333,33.3333,0,0
250,33.3333,0,66.6667,0,0,0,33.3333,33.3333,0,0
251,33.3333,0,66.6667,0,0,0,33.3333,33.3333,0,0
252,33.3333,0,66.6667,0,0,0,33.3333,33.3333,0,0
253,33.3333,0,66.6667,0,0,0,33.3333,33.3333,0,0
254,50,0,50,0,0,0,25,25,0,0
255,50,0,50,0,0,0,25,25,0,0
256,50,0,50,0,0,0,25,25,0,0
257,50,0,50,0,0,0,25,25,0,0
258,50,0,50,0,0,0,25,25,0,0
259,50,0,50,0,0,0,25,25,0,0
260,50,0,50,0,0,0,25,25,0,0
261,50,0,50,0,0,0,25,25,0,0
262,50,0,50,0,0,0,25,25,0,0
263,50,0,50,0,0,0,25,25,0,0
264,50,0,50,0,0,0,25,25,0,0
265,50,0,50,0,0,0,25,25,0,0
266,50,0,50,0,0,0,25,25,0,0
267,50,0,50,0,0,0,25,25,0,0
268,50,0,50,0,0,0,25,25,0,0
269,50,0,50,0,0,0,25,25,0,0
270,50,0,50,0,0,0,25,25,0,0
271,50,0,50,0,0,0,25,25,0,0
272,50,0,50,0,0,0,25,25,0,0
273,50,0,50,0,0,0,25,25,0,0
274,50,0,50,0,0,0,25,25,0,0
275,50,0,50,0,0,0,25,25,0,0
276,50,0,50,0,0,0,25,25,0,0
277,50,0,50,0,0,0,25,25,0,0
278,50,0,50,0,0,0,25,25,0,0
279,50,0,50,0,0,0,25,25,0,0
280,50,0,50,0,0,0,25,25,0,0
281,50,0,50,0,0,0,25,25,0,0
282,50,0,50,0,0,0,25,25,0,0
283,50,0,50,0,0,0,25,25,0,0
284,50,0,50,0,0,0,25,25,0,0
285,50,0,50,0,0,0,25,25,0,0
286,50,0,50,0,0,0,25,25,0,0
287,50,0,50,0,0,0,25,25,0,0
288,50,0,50,0,0,0,25,25,0,0
289,50,0,50,0,0,0,25,25,0,0
290,50,0,50,0,0,0,25,25,0,0
291,50,0,50,0,0,0,25,25,0,0
292,50,0,50,0,0,0,25,25,0,0
293,50,0,50,0,0,0,25,25,0,0
294,50,0,50,0,0,0,25,25,0,0
295,50,0,50,0,0,0,25,25,0,0
296,50,0,50,0,0,0,25,25,0,0
297,50,0,50,0,0,0,25,25,0,0
298,50,0,50,0,0,0,25,25,0,0
299,50,0,50,0,0,0,25,25,0,0
300,50,0,50,0,0,0,25,25,0,0
301,50,0,50,0,0,0,25,25,0,0
302,50,0,50,0,0,0,25,25,0,0
303,50,0,50,0,0,0,25,25,0,0
304,50,0,50,0,0,0,25,25,0,0
305,50,0,50,0,0,0,25,25,0,0
306,50,0,50,0,0,0,25,25,0,0
307,40,20,40,0,0,0,20,20,0,0
308,40,20,40,0,0,0,20,20,0,0
309,40,20,40,0,0,0,20,20,0,0
310,40,20,40,0,0,0,20,20,0,0
311,40,20,40,0,0,0,20,20,0,0
312,40,20,40,0,0,0,20,20,0,0
313,40,20,40,0,0,0,20,20,0,0
314,40,20,40,0,0,0,20,20,0,0
315,40,20,40,0,0,0,20,20,0,0
316,40,20,40,0,0,0,20,20,0,0
317,40,20,40,0,0,0,20,20,0,0
318,40,20,40,0,0,0,20,20,0,0
319,40,20,40,0,0,0,20,20,0,0
320,40,20,40,0,0,0,20,20,0,0
321,40,20,40,0,0,0,20,20,0,0
322,40,20,40,0,0,0,20,20,0,0
323,40,20,40,0,0,0,20,20,0,0
324,40,20,40,0,0,0,20,20,0,0
325,40,20,40,0,0,0,20,20,0,0
326,40,20,40,0,0,0,20,20,0,0
327,40,20,40,0,0,0,20,20,0,0
328,40,20,40,0,0,0,20,20,0,0
329,40,20,40,0,0,0,20,20,0,0
330,40,20,40,0,0,0,20,20,0,0
331,40,20,40,0,0,0,20,20,0,0
332,40,20,40,0,0,0,20,20,0,0
333,40,20,40,0,0,0,20,20,0,0
334,40,20,40,0,0,0,20,20,0,0
335,40,20,40,0,0,0,20,20,0,0
336,40,20,40,0,0,0,20,20,0,0
337,40,20,40,0,0,0,20,20,0,0
338,40,20,40,0,0,0,20,20,0,0
339,40,20,40,0,0,0,20,20,0,0
340,40,20,40,0,0,0,20,20,0,0
341,40,20,40,0,0,0,20,20,0,0
342,40,20,40,0,0,0,20,20,0,0
343,40,20,40,0,0,0,20,20,0,0
344,40,20,40,0,0,0,20,20,0,0
345,40,20,40,0,0,0,20,20,0,0
346,40,20,40,0,0,0,20,20,0,0
347,40,20,40,0,0,0,20,20,0,0
348,40,20,40,0,0,0,20,20,0,0
349,40,20,40,0,0,0,20,20,0,0
350,40,20,40,0,0,0,20,20,0,0
351,66.6667,33.3333,0,0,0,0,0,33.3333,0,0
352,66.6667,33.3333,0,0,0,0,0,33.3333,0,0
353,66.6667,33.3333,0,0,0,0,0,33.3333,0,0
354,66.6667,33.3333,0,0,0,0,0,33.3333,0,0
355,50,25,0,25,0,0,25,25,0,0
356,60,20,0,20,0,0,20,20,0,0
357,60,20,0,20,0,0,20,20,0,0
358,60,20,0,20,0,0,20,20,0,0
359,60,20,0,20,0,0,20,20,0,0
360,60,20,0,20,0,0,20,20,0,0
361,60,20,0,20,0,0,20,20,0,0
362,60,20,0,20,0,0,20,20,0,0
363,60,20,0,20,0,0,20,20,0,0
364,60,20,0,20,0,0,20,20,0,0
365,60,20,0,20,0,0,20,20,0,0
366,60,20,0,20,0,0,20,20,0,0
367,60,20,0,20,0,0,20,20,0,0
368,60,20,0,20,0,0,20,20,0,0
369,60,20,0,20,0,0,20,20,0,0
370,60,20,0,20,0,0,20,20,0,0
371,60,20,0,20,0,0,20,20,0,0
372,60,20,0,20,0,0,20,20,0,0
373,60,20,0,20,0,0,20,20,0,0
374,60,20,0,20,0,0,20,20,0,0
375,60,20,0,20,0,0,20,20,0,0
376,60,20,0,20,0,0,20,20,0,0
377,66.6667,16.6667,0,16.6667,0,0,33.3333,16.6667,0,0
378,66.6667,16.6667,0,16.6667,0,0,33.3333,16.6667,0,0
379,66.6667,16.6667,0,16.6667,0,0,33.3333,16.6667,0,0
380,66.6667,16.6667,0,16.6667,0,0,33.3333,16.6667,0,0
381,66.6667,16.6667,0,16.6667,0,0,33.3333,16.6667,0,0
382,66.6667,16.6667,0,16.6667,0,0,33.3333,16.6667,0,0
383,66.6667,16.6667,0,16.6667,0,0,33.3333,16.6667,0,0
384,66.6667,16.6667,0,16.6667,0,0,33.3333,16.6667,0,0
385,66.6667,16.6667,0,16.6667,0,0,33.3333,16.6667,0,0
386,57.1429,14.2857,14.2857,14.2857,0,14.2857,28.5714,28.5714,0,0
387,57.1429,14.2857,14.2857,14.2857,0,14.2857,28.5714,28.5714,0,0
388,57.1429,14.2857,14.2857,14.2857,0,14.2857,28.5714,28.5714,0,0
389,57.1429,14.2857,14.2857,14.2857,0,14.2857,28.5714,28.5714,0,0
390,57.1429,14.2857,14.2857,14.2857,0,14.2857,28.5714,28.5714,0,0
391,57.1429,14.2857,14.2857,14.2857,0,14.2857,28.5714,28.5714,0,0
392,57.1429,14.2857,14.2857,14.2857,0,14.2857,28.5714,28.5714,0,0
393,57.1429,14.2857,14.2857,14.2857,0,14.2857,28.5714,28.5714,0,0
394,57.1429,14.2857,14.2857,14.2857,0,14.2857,28.5714,28.5714,0,0
395,57.1429,14.2857,14.2857,14.2857,0,14.2857,28.5714,28.5714,0,0
396,57.1429,14.2857,14.2857,14.2857,0,14.2857,28.5714,28.5714,0,0
397,57.1429,14.2857,14.2857,14.2857,0,14.2857,28.5714,28.5714,0,0
398,57.1429,14.2857,14.2857,14.2857,0,14.2857,28.5714,28.5714,0,0
399,57.1429,14.2857,14.2857,14.2857,0,14.2857,28.5714,28.5714,0,0
400,57.1429,14.2857,14.2857,14.2857,0,14.2857,28.5714,28.5714,0,0
401,57.1429,14.2857,14.2857,14.2857,0,14.2857,28.5714,28.5714,0,0
402,57.1429,14.2857,14.2857,14.2857,0,14.2857,28.5714,28.5714,0,0
403,57.1429,14.2857,14.2857,14.2857,0,14.2857,28.5714,28.5714,0,0
404,57.1429,14.2857,14.2857,14.2857,0,14.2857,28.5714,28.5714,0,0
405,57.1429,14.2857,14.2857,14.2857,0,14.2857,28.5714,28.5714,0,0
406,57.1429,14.2857,14.2857,14.2857,0,14.2857,28.5714,28.5714,0,0
407,57.1429,14.2857,14.2857,14.2857,0,14.2857,28.5714,28.5714,0,0
408,57.1429,14.2857,14.2857,14.2857,0,14.2857,28.5714,28.5714,0,0
409,57.1429,14.2857,14.2857,14.2857,0,14.2857,28.5714,28.5714,0,0
410,57.1429,14.2857,14.2857,14.2857,0,14.2857,28.5714,28.5714,0,0
411,57.1429,14.2857,14.2857,14.2857,0,14.2857,28.5714,28.5714,0,0
412,57.1429,14.2857,14.2857,14.2857,0,14.2857,28.5714,28.5714,0,0
413,57.1429,14.2857,14.2857,14.2857,0,14.2857,28.5714,28.5714,0,0
414,57.1429,14.2857,14.2857,14.2857,0,14.2857,28.5714,28.5714,0,0
415,57.1429,14.2857,14.2857,14.2857,0,14.2857,28.5714,28.5714,0,0
416,57.1429,14.2857,14.2857,14.2857,0,14.2857,28.5714,28.5714,0,0
417,57.1429,14.2857,14.2857,14.2857,0,14.2857,28.5714,28.5714,0,0
418,57.1429,14.2857,14.2857,14.2857,0,14.2857,28.5714,28.5714,0,0
419,57.1429,14.2857,14.2857,14.2857,0,14.2857,28.5714,28.5714,0,0
420,57.1429,14.2857,14.2857,14.2857,0,14.2857,28.5714,28.5714,0,0
421,57.1429,14.2857,14.2857,14.2857,0,14.2857,28.5714,28.5714,0,0
422,57.1429,14.2857,14.2857,14.2857,0,14.2857,28.5714,28.5714,0,0
423,57.1429,14.2857,14.2857,14.2857,0,14.2857,28.5714,28.5714,0,0
424,57.1429,14.2857,14.2857,14.2857,0,14.2857,28.5714,28.5714,0,0
425,57.1429,14.2857,14.2857,14.2857,0,14.2857,28.5714,28.5714,0,0
426,57.1429,14.2857,14.2857,14.2857,0,14.2857,28.5714,28.5714,0,0
427,57.1429,14.2857,14.2857,14.2857,0,14.2857,28.5714,28.5714,0,0
428,57.1429,14.2857,14.2857,14.2857,0,14.2857,28.5714,28.5714,0,0
429,57.1429,14.2857,14.2857,14.2857,0,14.2857,28.5714,28.5714,0,0
430,57.1429,14.2857,14.2857,14.2857,0,14.2857,28.5714,28.5714,0,0
431,57.1429,14.2857,14.2857,14.2857,0,14.2857,28.5714,28.5714,0,0
432,57.1429,14.2857,14.2857,14.2857,0,14.2857,28.5714,28.5714,0,0
433,57.1429,14.2857,14.2857,14.2857,0,14.2857,28.5714,28.5714,0,0
434,57.1429,14.2857,14.2857,14.2857,0,14.2857,28.5714,28.5714,0,0
435,57.1429,14.2857,14.2857,14.2857,0,14.2857,28.5714,28.5714,0,0
436,57.1429,14.2857,14.2857,14.2857,0,14.2857,28.5714,28.5714,0,0
437,57.1429,14.2857,14.2857,14.2857,0,14.2857,28.5714,28.5714,0,0
438,57.1429,14.2857,14.2857,14.2857,0,14.2857,28.5714,28.5714,0,0
439,57.1429,14.2857,14.2857,14.2857,0,14.2857,28.5714,28.5714,0,0
440,57.1429,14.2857,14.2857,14.2857,0,14.2857,28.5714,28.5714,0,0
441,57.1429,14.2857,14.2857,14.2857,0,14.2857,28.5714,28.5714,0,0
442,57.1429,14.2857,14.2857,14.2857,0,14.2857,28.5714,28.5714,0,0
443,57.1429,14.2857,14.2857,14.2857,0,14.2857,28.5714,28.5714,0,0
444,57.1429,14.2857,14.2857,14.2857,0,14.2857,28.5714,28.5714,0,0
445,57.1429,14.2857,14.2857,14.2857,0,14.2857,28.5714,28.5714,0,0
446,57.1429,14.2857,14.2857,14.2857,0,14.2857,28.5714,28.5714,0,0
447,57.1429,14.2857,14.2857,14.2857,0,14.2857,28.5714,28.5714,0,0
448,57.1429,14.2857,14.2857,14.2857,0,14.2857,28.5714,28.5714,0,0
449,57.1429,14.2857,14.2857,14.2857,0,14.2857,28.5714,28.5714,0,0
450,57.1429,14.2857,14.2857,14.2857,0,14.2857,28.5714,28.5714,0,0
451,57.1429,14.2857,14.2857,14.2857,0,14.2857,28.5714,28.5714,0,0
452,57.1429,14.2857,14.2857,14.2857,0,14.2857,28.5714,28.5714,0,0
453,57.1429,14.2857,14.2857,14.2857,0,14.2857,28.5714,28.5714,0,0
454,57.1429,14.2857,14.2857,14.2857,0,14.2857,28.5714,28.5714,0,0
455,57.1429,14.2857,14.2857,14.2857,0,14.2857,28.5714,28.5714,0,0
456,57.1429,14.2857,14.2857,14.2857,0,14.2857,28.5714,28.5714,0,0
457,57.1429,14.2857,14.2857,14.2857,0,14.2857,28.5714,28.5714,0,0
458,57.1429,14.2857,14.2857,14.2857,0,14.2857,28.5714,28.5714,0,0
459,57.1429,14.2857,14.2857,14.2857,0,14.2857,28.5714,28.5714,0,0
460,57.1429,14.2857,14.2857,14.2857,0,14.2857,28.5714,28.5714,0,0
461,57.1429,14.2857,14.2857,14.2857,0,14.2857,28.5714,28.5714,0,0
462,57.1429,14.2857,14.2857,14.2857,0,14.2857,28.5714,28.5714,0,0
463,57.1429,14.2857,14.2857,14.2857,0,14.2857,28.5714,28.5714,0,0
464,57.1429,14.2857,14.2857,14.2857,0,14.2857,28.5714,28.5714,0,0
465,57.1429,14.2857,14.2857,14.2857,0,14.2857,28.5714,28.5714,0,0
466,57.1429,14.2857,14.2857,14.2857,0,14.2857,28.5714,28.5714,0,0
467,57.1429,14.2857,14.2857,14.2857,0,14.2857,28.5714,28.5714,0,0
468,57.1429,14.2857,14.2857,14.2857,0,14.2857,28.5714,28.5714,0,0
469,57.1429,14.2857,14.2857,14.2857,0,14.2857,28.5714,28.5714,0,0
470,57.1429,14.2857,14.2857,14.2857,0,14.2857,28.5714,28.5714,0,0
471,57.1429,14.2857,14.2857,14.2857,0,14.2857,28.5714,28.5714,0,0
472,57.1429,14.2857,14.2857,14.2857,0,14.2857,28.5714,28.5714,0,0
473,57.1429,14.2857,14.2857,14.2857,0,14.2857,28.5714,28.5714,0,0
474,57.1429,14.2857,14.2857,14.2857,0,14.2857,28.5714,28.5714,0,0
475,57.1429,14.2857,14.2857,14.2857,0,14.2857,28.5714,28.5714,0,0
476,57.1429,14.2857,14.2857,14.2857,0,14.2857,28.5714,28.5714,0,0
477,57.1429,14.2857,14.2857,14.2857,0,14.2857,28.5714,28.5714,0,0
478,57.1429,14.2857,14.2857,14.2857,0,14.2857,28.5714,28.5714,0,0
479,57.1429,14.2857,14.2857,14.2857,0,14.2857,28.5714,28.5714,0,0
480,57.1429,14.2857,14.2857,14.2857,0,14.2857,28.5714,28.5714,0,0
481,57.1429,14.2857,14.2857,14.2857,0,14.2857,28.5714,28.5714,0,0
482,57.1429,14.2857,14.2857,14.2857,0,14.2857,28.5714,28.5714,0,0
483,57.1429,14.2857,14.2857,14.2857,0,14.2857,28.5714,28.5714,0,0
484,57.1429,14.2857,14.2857,14.2857,0,14.2857,28.5714,28.5714,0,0
485,57.1429,14.2857,14.2857,14.2857,0,14.2857,28.5714,28.5714,0,0
486,57.1429,14.2857,14.2857,14.2857,0,14.2857,28.5714,28.5714,0,0
487,57.1429,14.2857,14.2857,14.2857,0,14.2857,28.5714,28.5714,0,0
488,57.1429,14.2857,14.2857,14.2857,0,14.2857,28.5714,28.5714,0,0
489,57.1429,14.2857,14.2857,14.2857,0,14.2857,28.5714,28.5714,0,0
490,57.1429,14.2857,14.2857,14.2857,0,14.2857,28.5714,28.5714,0,0
491,57.1429,14.2857,14.2857,14.2857,0,14.2857,28.5714,28.5714,0,0
492,57.1429,14.2857,14.2857,14.2857,0,14.2857,28.5714,28.5714,0,0
493,57.1429,14.2857,14.2857,14.2857,0,14.2857,28.5714,28.5714,0,0
494,57.1429,14.2857,14.2857,14.2857,0,14.2857,28.5714,28.5714,0,0
495,57.1429,14.2857,14.2857,14.2857,0,14.2857,28.5714,28.5714,0,0
496,57.1429,14.2857,14.2857,14.2857,0,14.2857,28.5714,28.5714,0,0
497,57.1429,14.2857,14.2857,14.2857,0,14.2857,28.5714,28.5714,0,0
498,57.1429,14.2857,14.2857,14.2857,0,14.2857,28.5714,28.5714,0,0
499,57.1429,14.2857,14.2857,14.2857,0,14.2857,28.5714,28.5714,0,0
500,57.1429,14.2857,14.2857,14.2857,0,14.2857,28.5714,28.5714,0,0
501,57.1429,14.2857,14.2857,14.2857,0,14.2857,28.5714,28.5714,0,0
502,57.1429,14.2857,14.2857,14.2857,0,14.2857,28.5714,28.5714,0,0
503,57.1429,14.2857,14.2857,14.2857,0,14.2857,28.5714,28.5714,0,0
504,57.1429,14.2857,14.2857,14.2857,0,14.2857,28.5714,28.5714,0,0
505,57.1429,14.2857,14.2857,14.2857,0,14.2857,28.5714,28.5714,0,0
506,57.1429,14.2857,14.2857,14.2857,0,14.2857,28.5714,28.5714,0,0
507,57.1429,14.2857,14.2857,14.2857,0,14.2857,28.5714,28.5714,0,0
508,57.1429,14.2857,14.2857,14.2857,0,14.2857,28.5714,28.5714,0,0
509,57.1429,14.2857,14.2857,14.2857,0,14.2857,28.5714,28.5714,0,0
510,57.1429,14.2857,14.2857,14.2857,0,14.2857,28.5714,28.5714,0,0
511,57.1429,14.2857,14.2857,14.2857,0,14.2857,28.5714,28.5714,0,0
512,57.1429,14.2857,14.2857,14.2857,0,14.2857,28.5714,28.5714,0,0
513,57.1429,14.2857,14.2857,14.2857,0,14.2857,28.5714,28.5714,0,0
514,57.1429,14.2857,14.2857,14.2857,0,14.2857,28.5714,28.5714,0,0
515,57.1429,14.2857,14.2857,14.2857,0,14.2857,28.5714,28.5714,0,0
516,57.1429,14.2857,14.2857,14.2857,0,14.2857,28.5714,28.5714,0,0
517,57.1429,14.2857,14.2857,14.2857,0,14.2857,28.5714,28.5714,0,0
518,57.1429,14.2857,14.2857,14.2857,0,14.2857,28.5714,28.5714,0,0
519,57.1429,14.2857,14.2857,14.2857,0,14.2857,28.5714,28.5714,0,0
520,57.1429,14.2857,14.2857,14.2857,0,14.2857,28.5714,28.5714,0,0
521,57.1429,14.2857,14.2857,14.2857,0,14.2857,28.5714,28.5714,0,0
522,57.1429,14.2857,14.2857,14.2857,0,14.2857,28.5714,28.5714,0,0
523,57.1429,14.2857,14.2857,14.2857,0,14.2857,28.5714,28.5714,0,0
524,57.1429,14.2857,14.2857,14.2857,0,14.2857,28.5714,28.5714,0,0
525,57.1429,14.2857,14.2857,14.2857,0,14.2857,28.5714,28.5714,0,0
526,57.1429,14.2857,14.2857,14.2857,0,14.2857,28.5714,28.5714,0,0
527,57.1429,14.2857,14.2857,14.2857,0,14.2857,28.5714,28.5714,0,0
528,57.1429,14.2857,14.2857,14.2857,0,14.2857,28.5714,28.5714,0,0
529,57.1429,14.2857,14.2857,14.2857,0,14.2857,28.5714,28.5714,0,0
530,57.1429,14.2857,14.2857,14.2857,0,14.2857,28.5714,28.5714,0,0
531,57.1429,14.2857,14.2857,14.2857,0,14.2857,28.5714,28.5714,0,0
532,57.1429,14.2857,14.2857,14.2857,0,14.2857,28.5714,28.5714,0,0
533,57.1429,14.2857,14.2857,14.2857,0,14.2857,28.5714,28.5714,0,0
534,57.1429,14.2857,14.2857,14.2857,0,14.2857,28.5714,28.5714,0,0
535,57.1429,14.2857,14.2857,14.2857,0,14.2857,28.5714,28.5714,0,0
536,57.1429,14.2857,14.2857,14.2857,0,14.2857,28.5714,28.5714,0,0
537,57.1429,14.2857,14.2857,14.2857,0,14.2857,28.5714,28.5714,0,0
538,57.1429,14.2857,14.2857,14.2857,0,14.2857,28.5714,28.5714,0,0
539,57.1429,14.2857,14.2857,14.2857,0,14.2857,28.5714,28.5714,0,0
540,57.1429,14.2857,14.2857,14.2857,0,14.2857,28.5714,28.5714,0,0
541,57.1429,14.2857,14.2857,14.2857,0,14.2857,28.5714,28.5714,0,0
542,57.1429,14.2857,14.2857,14.2857,0,14.2857,28.5714,28.5714,0,0
543,57.1429,14.2857,14.2857,14.2857,0,14.2857,28.5714,28.5714,0,0
544,57.1429,14.2857,14.2857,14.2857,0,14.2857,28.5714,28.5714,0,0
545,57.1429,14.2857,14.2857,14.2857,0,14.2857,28.5714,28.5714,0,0
546,57.1429,14.2857,14.2857,14.2857,0,14.2857,28.5714,28.5714,0,0
547,57.1429,14.2857,14.2857,14.2857,0,14.2857,28.5714,28.5714,0,0
548,57.1429,14.2857,14.2857,14.2857,0,14.2857,28.5714,28.5714,0,0
549,57.1429,14.2857,14.2857,14.2857,0,14.2857,28.5714,28.5714,0,0
550,66.6667,16.6667,16.6667,0,0,16.6667,16.6667,33.3333,0,0
551,66.6667,16.6667,16.6667,0,0,16.6667,16.6667,33.3333,0,0
552,66.6667,16.6667,16.6667,0,0,16.6667,16.6667,33.3333,0,0
553,66.6667,16.6667,16.6667,0,0,16.6667,16.6667,33.3333,0,0
554,66.6667,16.6667,16.6667,0,0,16.6667,16.6667,33.3333,0,0
555,66.6667,16.6667,16.6667,0,0,16.6667,16.6667,33.3333,0,0
556,66.6667,16.6667,16.6667,0,0,16.6667,16.6667,33.3333,0,0
557,66.6667,16.6667,16.6667,0,0,16.6667,16.6667,33.3333,0,0
558,57.1429,28.5714,14.2857,0,0,28.5714,28.5714,42.8571,0,0
559,57.1429,28.5714,14.2857,0,0,28.5714,28.5714,42.8571,0,0
560,57.1429,28.5714,14.2857,0,0,28.5714,28.5714,42.8571,0,0
561,57.1429,28.5714,14.2857,0,0,28.5714,28.5714,42.8571,0,0
562,57.1429,28.5714,14.2857,0,0,28.5714,28.5714,42.8571,0,0
563,57.1429,28.5714,14.2857,0,0,28.5714,28.5714,42.8571,0,0
564,57.1429,28.5714,14.2857,0,0,28.5714,28.5714,42.8571,0,0
565,57.1429,28.5714,14.2857,0,0,28.5714,28.5714,42.8571,0,0
566,57.1429,28.5714,14.2857,0,0,28.5714,28.5714,42.8571,0,0
567,57.1429,28.5714,14.2857,0,0,28.5714,28.5714,42.8571,0,0
568,57.1429,28.5714,14.2857,0,0,28.5714,28.5714,42.8571,0,0
569,62.5,25,12.5,0,0,37.5,25,37.5,0,0
570,62.5,25,12.5,0,0,37.5,25,37.5,0,0
571,62.5,25,12.5,0,0,37.5,25,37.5,0,0
572,62.5,25,12.5,0,0,37.5,25,37.5,0,0
573,62.5,25,12.5,0,0,37.5,25,37.5,0,0
574,62.5,25,12.5,0,0,37.5,25,37.5,0,0
575,62.5,25,12.5,0,0,37.5,25,37.5,0,0
576,62.5,25,12.5,0,0,37.5,25,37.5,0,0
577,62.5,25,12.5,0,0,37.5,25,37.5,0,0
578,62.5,25,12.5,0,0,37.5,25,37.5,0,0
579,62.5,25,12.5,0,0,37.5,25,37.5,0,0
580,62.5,25,12.5,0,0,37.5,25,37.5,0,0
581,62.5,25,12.5,0,0,37.5,25,37.5,0,0
582,62.5,25,12.5,0,0,37.5,25,37.5,0,0
583,62.5,25,12.5,0,0,37.5,25,37.5,0,0
584,62.5,25,12.5,0,0,37.5,25,37.5,0,0
585,62.5,25,12.5,0,0,37.5,25,37.5,0,0
586,62.5,25,12.5,0,0,37.5,25,37.5,0,0
587,62.5,25,12.5,0,0,37.5,25,37.5,0,0
588,62.5,25,12.5,0,0,37.5,25,37.5,0,0
589,62.5,25,12.5,0,0,37.5,25,37.5,0,0
590,62.5,25,12.5,0,0,37.5,25,37.5,0,0
591,62.5,25,12.5,0,0,37.5,25,37.5,0,0
592,62.5,25,12.5,0,0,37.5,25,37.5,0,0
593,62.5,25,12.5,0,0,37.5,25,37.5,0,0
594,62.5,25,12.5,0,0,37.5,25,37.5,0,0
595,62.5,25,12.5,0,0,37.5,25,37.5,0,0
596,62.5,25,12.5,0,0,37.5,25,37.5,0,0
597,62.5,25,12.5,0,0,37.5,25,37.5,0,0
598,62.5,25,12.5,0,0,37.5,25,37.5,0,0
599,62.5,25,12.5,0,0,37.5,25,37.5,0,0
600,62.5,25,12.5,0,0,37.5,25,37.5,0,0
601,62.5,25,12.5,0,0,37.5,25,37.5,0,0
602,62.5,25,12.5,0,0,37.5,25,37.5,0,0
603,62.5,25,12.5,0,0,37.5,25,37.5,0,0
604,62.5,25,12.5,0,0,37.5,25,37.5,0,0
605,62.5,25,12.5,0,0,37.5,25,37.5,0,0
606,62.5,25,12.5,0,0,37.5,25,37.5,0,0
607,62.5,25,12.5,0,0,37.5,25,37.5,0,0
608,62.5,25,12.5,0,0,37.5,25,37.5,0,0
609,62.5,25,12.5,0,0,37.5,25,37.5,0,0
610,62.5,25,12.5,0,0,37.5,25,37.5,0,0
611,62.5,25,12.5,0,0,37.5,25,37.5,0,0
612,62.5,25,12.5,0,0,37.5,25,37.5,0,0
613,62.5,25,12.5,0,0,37.5,25,37.5,0,0
614,62.5,25,12.5,0,0,37.5,25,37.5,0,0
615,62.5,25,12.5,0,0,37.5,25,37.5,0,0
616,62.5,25,12.5,0,0,37.5,25,37.5,0,0
617,62.5,25,12.5,0,0,37.5,25,37.5,0,0
618,62.5,25,12.5,0,0,37.5,25,37.5,0,0
619,62.5,25,12.5,0,0,37.5,25,37.5,0,0
620,62.5,25,12.5,0,0,37.5,25,37.5,0,0
621,62.5,25,12.5,0,0,37.5,25,37.5,0,0
622,62.5,25,12.5,0,0,37.5,25,37.5,0,0
623,62.5,25,12.5,0,0,37.5,25,37.5,0,0
624,62.5,25,12.5,0,0,37.5,25,37.5,0,0
625,62.5,25,12.5,0,0,37.5,25,37.5,0,0
626,62.5,25,12.5,0,0,37.5,25,37.5,0,0
627,62.5,25,12.5,0,0,37.5,25,37.5,0,0
628,62.5,25,12.5,0,0,37.5,25,37.5,0,0
629,62.5,25,12.5,0,0,37.5,25,37.5,0,0
630,62.5,25,12.5,0,0,37.5,25,37.5,0,0
631,62.5,25,12.5,0,0,37.5,25,37.5,0,0
632,62.5,25,12.5,0,0,37.5,25,37.5,0,0
633,62.5,25,12.5,0,0,37.5,25,37.5,0,0
634,62.5,25,12.5,0,0,37.5,25,37.5,0,0
635,62.5,25,12.5,0,0,37.5,25,37.5,0,0
636,62.5,25,12.5,0,0,37.5,25,37.5,0,0
637,62.5,25,12.5,0,0,37.5,25,37.5,0,0
638,62.5,25,12.5,0,0,37.5,25,37.5,0,0
639,62.5,25,12.5,0,0,37.5,25,37.5,0,0
640,62.5,25,12.5,0,0,37.5,25,37.5,0,0
641,62.5,25,12.5,0,0,37.5,25,37.5,0,0
642,62.5,25,12.5,0,0,37.5,25,37.5,0,0
643,62.5,25,12.5,0,0,37.5,25,37.5,0,0
644,62.5,25,12.5,0,0,37.5,25,37.5,0,0
645,62.5,25,12.5,0,0,37.5,25,37.5,0,0
646,62.5,25,12.5,0,0,37.5,25,37.5,0,0
647,62.5,25,12.5,0,0,37.5,25,37.5,0,0
648,62.5,25,12.5,0,0,37.5,25,37.5,0,0
649,62.5,25,12.5,0,0,37.5,25,37.5,0,0
650,62.5,25,12.5,0,0,37.5,25,37.5,0,0
651,62.5,25,12.5,0,0,37.5,25,37.5,0,0
652,62.5,25,12.5,0,0,37.5,25,37.5,0,0
653,62.5,25,12.5,0,0,37.5,25,37.5,0,0
654,62.5,25,12.5,0,0,37.5,25,37.5,0,0
655,62.5,25,12.5,0,0,37.5,25,37.5,0,0
656,62.5,25,12.5,0,0,37.5,25,37.5,0,0
657,62.5,25,12.5,0,0,37.5,25,37.5,0,0
658,62.5,25,12.5,0,0,37.5,25,37.5,0,0
659,62.5,25,12.5,0,0,37.5,25,37.5,0,0
660,66.6667,22.2222,11.1111,0,0,44.4444,22.2222,33.3333,0,0
661,66.6667,22.2222,11.1111,0,0,44.4444,22.2222,33.3333,0,0
662,66.6667,22.2222,11.1111,0,0,44.4444,22.2222,33.3333,0,0
663,66.6667,22.2222,11.1111,0,0,44.4444,22.2222,33.3333,0,0
664,66.6667,22.2222,11.1111,0,0,44.4444,22.2222,33.3333,0,0
665,66.6667,22.2222,11.1111,0,0,44.4444,22.2222,33.3333,0,0
666,66.6667,22.2222,11.1111,0,0,44.4444,22.2222,33.3333,0,0
667,66.6667,22.2222,11.1111,0,0,44.4444,22.2222,33.3333,0,0
668,66.6667,22.2222,11.1111,0,0,44.4444,22.2222,33.3333,0,0
669,66.6667,22.2222,11.1111,0,0,44.4444,22.2222,33.3333,0,0
670,66.6667,22.2222,11.1111,0,0,44.4444,22.2222,33.3333,0,0
671,66.6667,22.2222,11.1111,0,0,44.4444,22.2222,33.3333,0,0
672,66.6667,22.2222,11.1111,0,0,44.4444,22.2222,33.3333,0,0
673,66.6667,22.2222,11.1111,0,0,44.4444,22.2222,33.3333,0,0
674,66.6667,22.2222,11.1111,0,0,44.4444,22.2222,33.3333,0,0
675,66.6667,22.2222,11.1111,0,0,44.4444,22.2222,33.3333,0,0
676,66.6667,22.2222,11.1111,0,0,44.4444,22.2222,33.3333,0,0
677,66.6667,22.2222,11.1111,0,0,44.4444,22.2222,33.3333,0,0
678,66.6667,22.2222,11.1111,0,0,44.4444,22.2222,33.3333,0,0
679,66.6667,22.2222,11.1111,0,0,44.4444,22.2222,33.3333,0,0
680,66.6667,22.2222,11.1111,0,0,44.4444,22.2222,33.3333,0,0
681,66.6667,22.2222,11.1111,0,0,44.4444,22.2222,33.3333,0,0
682,66.6667,22.2222,11.1111,0,0,44.4444,22.2222,33.3333,0,0
683,66.6667,22.2222,11.1111,0,0,44.4444,22.2222,33.3333,0,0
684,75,12.5,12.5,0,0,37.5,12.5,25,0,0
685,75,12.5,12.5,0,0,37.5,12.5,25,0,0
686,66.6667,11.1111,22.2222,0,0,33.3333,11.1111,22.2222,0,0
687,66.6667,11.1111,22.2222,0,0,33.3333,11.1111,22.2222,0,0
688,70,10,20,0,0,30,10,20,0,0
689,70,10,20,0,0,30,10,20,0,0
690,70,10,20,0,0,30,10,20,0,0
691,70,10,20,0,0,30,10,20,0,0
692,70,10,20,0,0,30,10,20,0,0
693,70,10,20,0,0,30,10,20,0,0
694,70,10,20,0,0,30,10,20,0,0
695,70,10,20,0,0,30,10,20,0,0
696,70,10,20,0,0,30,10,20,0,0
697,70,10,20,0,0,30,10,20,0,0
698,70,10,20,0,0,30,10,20,0,0
699,70,10,20,0,0,30,10,20,0,0
700,70,10,20,0,0,30,10,20,0,0
701,70,10,20,0,0,30,10,20,0,0
702,70,10,20,0,0,30,10,20,0,0
703,70,10,20,0,0,30,10,20,0,0
704,70,10,20,0,0,30,10,20,0,0
705,70,10,20,0,0,30,10,20,0,0
706,70,10,20,0,0,30,10,20,0,0
707,70,10,20,0,0,30,10,20,0,0
708,70,10,20,0,0,30,10,20,0,0
709,70,10,20,0,0,30,10,20,0,0
710,70,10,20,0,0,30,10,20,0,0
711,70,10,20,0,0,30,10,20,0,0
712,70,10,20,0,0,30,10,20,0,0
713,70,10,20,0,0,30,10,20,0,0
714,70,10,20,0,0,30,10,20,0,0
715,70,10,20,0,0,30,10,20,0,0
716,70,10,20,0,0,30,10,20,0,0
717,70,10,20,0,0,30,10,20,0,0
718,70,10,20,0,0,30,10,20,0,0
719,70,10,20,0,0,30,10,20,0,0
720,70,10,20,0,0,30,10,20,0,0
721,70,10,20,0,0,30,10,20,0,0
722,70,10,20,0,0,30,10,20,0,0
723,70,10,20,0,0,30,10,20,0,0
724,70,10,20,0,0,30,10,20,0,0
725,70,10,20,0,0,30,10,20,0,0
726,70,10,20,0,0,30,10,20,0,0
727,70,10,20,0,0,30,10,20,0,0
728,70,10,20,0,0,30,10,20,0,0
729,70,10,20,0,0,30,10,20,0,0
730,70,10,20,0,0,30,10,20,0,0
731,70,10,20,0,0,30,10,20,0,0
732,70,10,20,0,0,30,10,20,0,0
733,70,10,20,0,0,30,10,20,0,0
734,70,10,20,0,0,30,10,20,0,0
735,70,10,20,0,0,30,10,20,0,0
736,70,10,20,0,0,30,10,20,0,0
737,70,10,20,0,0,30,10,20,0,0
738,70,10,20,0,0,30,10,20,0,0
739,70,10,20,0,0,30,10,20,0,0
740,70,10,20,0,0,30,10,20,0,0
741,70,10,20,0,0,30,10,20,0,0
742,70,10,20,0,0,30,10,20,0,0
743,70,10,20,0,0,30,10,20,0,0
744,70,10,20,0,0,30,10,20,0,0
745,70,10,20,0,0,30,10,20,0,0
746,70,10,20,0,0,30,10,20,0,0
747,70,10,20,0,0,30,10,20,0,0
748,70,10,20,0,0,30,10,20,0,0
749,70,10,20,0,0,30,10,20,0,0
750,70,10,20,0,0,30,10,20,0,0
751,70,10,20,0,0,30,10,20,0,0
752,70,10,20,0,0,30,10,20,0,0
753,70,10,20,0,0,30,10,20,0,0
754,70,10,20,0,0,30,10,20,0,0
755,70,10,20,0,0,30,10,20,0,0
756,70,10,20,0,0,30,10,20,0,0
757,70,10,20,0,0,30,10,20,0,0
758,70,10,20,0,0,30,10,20,0,0
759,70,10,20,0,0,30,10,20,0,0
760,70,10,20,0,0,30,10,20,0,0
761,70,10,20,0,0,30,10,20,0,0
762,70,10,20,0,0,30,10,20,0,0
763,70,10,20,0,0,30,10,20,0,0
764,70,10,20,0,0,30,10,20,0,0
765,70,10,20,0,0,30,10,20,0,0
766,70,10,20,0,0,30,10,20,0,0
767,70,10,20,0,0,30,10,20,0,0
768,70,10,20,0,0,30,10,20,0,0
769,70,10,20,0,0,30,10,20,0,0
770,70,10,20,0,0,30,10,20,0,0
771,70,10,20,0,0,30,10,20,0,0
772,70,10,20,0,0,30,10,20,0,0
773,70,10,20,0,0,30,10,20,0,0
774,70,10,20,0,0,30,10,20,0,0
775,70,10,20,0,0,30,10,20,0,0
776,70,10,20,0,0,30,10,20,0,0
777,70,10,20,0,0,30,10,20,0,0
778,70,10,20,0,0,30,10,20,0,0
779,70,10,20,0,0,30,10,20,0,0
780,70,10,20,0,0,30,10,20,0,0
781,70,10,20,0,0,30,10,20,0,0
782,70,10,20,0,0,30,10,20,0,0
783,70,10,20,0,0,30,10,20,0,0
784,70,10,20,0,0,30,10,20,0,0
785,70,10,20,0,0,30,10,20,0,0
786,70,10,20,0,0,30,10,20,0,0
787,70,10,20,0,0,30,10,20,0,0
788,70,10,20,0,0,30,10,20,0,0
789,70,10,20,0,0,30,10,20,0,0
790,70,10,20,0,0,30,10,20,0,0
791,70,10,20,0,0,30,10,20,0,0
792,70,10,20,0,0,30,10,20,0,0
793,70,10,20,0,0,30,10,20,0,0
794,70,10,20,0,0,30,10,20,0,0
795,72.7273,9.09091,18.1818,0,0,36.3636,18.1818,27.2727,0,0
796,72.7273,9.09091,18.1818,0,0,36.3636,18.1818,27.2727,0,0
797,72.7273,9.09091,18.1818,0,0,36.3636,18.1818,27.2727,0,0
798,72.7273,9.09091,18.1818,0,0,36.3636,18.1818,27.2727,0,0
799,72.7273,9.09091,18.1818,0,0,36.3636,18.1818,27.2727,0,0
800,72.7273,9.09091,18.1818,0,0,36.3636,18.1818,27.2727,0,0
801,72.7273,9.09091,18.1818,0,0,36.3636,18.1818,27.2727,0,0
802,72.7273,9.09091,18.1818,0,0,36.3636,18.1818,27.2727,0,0
803,72.7273,9.09091,18.1818,0,0,36.3636,18.1818,27.2727,0,0
804,72.7273,9.09091,18.1818,0,0,36.3636,18.1818,27.2727,0,0
805,72.7273,9.09091,18.1818,0,0,36.3636,18.1818,27.2727,0,0
806,72.7273,9.09091,18.1818,0,0,36.3636,18.1818,27.2727,0,0
807,72.7273,9.09091,18.1818,0,0,36.3636,18.1818,27.2727,0,0
808,72.7273,9.09091,18.1818,0,0,36.3636,18.1818,27.2727,0,0
809,72.7273,9.09091,18.1818,0,0,36.3636,18.1818,27.2727,0,0
810,72.7273,9.09091,18.1818,0,0,36.3636,18.1818,27.2727,0,0
811,72.7273,9.09091,18.1818,0,0,36.3636,18.1818,27.2727,0,0
812,72.7273,9.09091,18.1818,0,0,36.3636,18.1818,27.2727,0,0
813,72.7273,9.09091,18.1818,0,0,36.3636,18.1818,27.2727,0,0
814,72.7273,9.09091,18.1818,0,0,36.3636,18.1818,27.2727,0,0
815,72.7273,9.09091,18.1818,0,0,36.3636,18.1818,27.2727,0,0
816,72.7273,9.09091,18.1818,0,0,36.3636,18.1818,27.2727,0,0
817,72.7273,9.09091,18.1818,0,0,36.3636,18.1818,27.2727,0,0
818,72.7273,9.09091,18.1818,0,0,36.3636,18.1818,27.2727,0,0
819,72.7273,9.09091,18.1818,0,0,36.3636,18.1818,27.2727,0,0
820,72.7273,9.09091,18.1818,0,0,36.3636,18.1818,27.2727,0,0
821,72.7273,9.09091,18.1818,0,0,36.3636,18.1818,27.2727,0,0
822,72.7273,9.09091,18.1818,0,0,36.3636,18.1818,27.2727,0,0
823,72.7273,9.09091,18.1818,0,0,36.3636,18.1818,27.2727,0,0
824,72.7273,9.09091,18.1818,0,0,36.3636,18.1818,27.2727,0,0
825,72.7273,9.09091,18.1818,0,0,36.3636,18.1818,27.2727,0,0
826,72.7273,9.09091,18.1818,0,0,36.3636,18.1818,27.2727,0,0
827,72.7273,9.09091,18.1818,0,0,36.3636,18.1818,27.2727,0,0
828,72.7273,9.09091,18.1818,0,0,36.3636,18.1818,27.2727,0,0
829,72.7273,9.09091,18.1818,0,0,36.3636,18.1818,27.2727,0,0
830,72.7273,9.09091,18.1818,0,0,36.3636,18.1818,27.2727,0,0
831,72.7273,9.09091,18.1818,0,0,36.3636,18.1818,27.2727,0,0
832,72.7273,9.09091,18.1818,0,0,36.3636,18.1818,27.2727,0,0
833,72.7273,9.09091,18.1818,0,0,36.3636,18.1818,27.2727,0,0
834,72.7273,9.09091,18.1818,0,0,36.3636,18.1818,27.2727,0,0
835,72.7273,9.09091,18.1818,0,0,36.3636,18.1818,27.2727,0,0
836,72.7273,9.09091,18.1818,0,0,36.3636,18.1818,27.2727,0,0
837,72.7273,9.09091,18.1818,0,0,36.3636,18.1818,27.2727,0,0
838,72.7273,9.09091,18.1818,0,0,36.3636,18.1818,27.2727,0,0
839,72.7273,9.09091,18.1818,0,0,36.3636,18.1818,27.2727,0,0
840,72.7273,9.09091,18.1818,0,0,36.3636,18.1818,27.2727,0,0
841,72.7273,9.09091,18.1818,0,0,36.3636,18.1818,27.2727,0,0
842,72.7273,9.09091,18.1818,0,0,36.3636,18.1818,27.2727,0,0
843,72.7273,9.09091,18.1818,0,0,36.3636,18.1818,27.2727,0,0
844,72.7273,9.09091,18.1818,0,0,36.3636,18.1818,27.2727,0,0
845,72.7273,9.09091,18.1818,0,0,36.3636,18.1818,27.2727,0,0
846,72.7273,9.09091,18.1818,0,0,36.3636,18.1818,27.2727,0,0
847,72.7273,9.09091,18.1818,0,0,36.3636,18.1818,27.2727,0,0
848,72.7273,9.09091,18.1818,0,0,36.3636,18.1818,27.2727,0,0
849,72.7273,9.09091,18.1818,0,0,36.3636,18.1818,27.2727,0,0
850,72.7273,9.09091,18.1818,0,0,36.3636,18.1818,27.2727,0,0
851,75,8.33333,16.6667,0,0,41.6667,25,33.3333,0,0
852,75,8.33333,16.6667,0,0,41.6667,25,33.3333,0,0
853,75,8.33333,16.6667,0,0,41.6667,25,33.3333,0,0
854,75,8.33333,16.6667,0,0,41.6667,25,33.3333,0,0
855,75,8.33333,16.6667,0,0,41.6667,25,33.3333,0,0
856,75,8.33333,16.6667,0,0,41.6667,25,33.3333,0,0
857,75,8.33333,16.6667,0,0,41.6667,25,33.3333,0,0
858,75,8.33333,16.6667,0,0,41.6667,25,33.3333,0,0
859,75,8.33333,16.6667,0,0,41.6667,25,33.3333,0,0
860,75,8.33333,16.6667,0,0,41.6667,25,33.3333,0,0
861,75,8.33333,16.6667,0,0,41.6667,25,33.3333,0,0
862,75,8.33333,16.6667,0,0,41.6667,25,33.3333,0,0
863,75,8.33333,16.6667,0,0,41.6667,25,33.3333,0,0
864,75,8.33333,16.6667,0,0,41.6667,25,33.3333,0,0
865,75,8.33333,16.6667,0,0,41.6667,25,33.3333,0,0
866,75,8.33333,16.6667,0,0,41.6667,25,33.3333,0,0
867,75,8.33333,16.6667,0,0,41.6667,25,33.3333,0,0
868,75,8.33333,16.6667,0,0,41.6667,25,33.3333,0,0
869,75,8.33333,16.6667,0,0,41.6667,25,33.3333,0,0
870,75,8.33333,16.6667,0,0,41.6667,25,33.3333,0,0
871,75,8.33333,16.6667,0,0,41.6667,25,33.3333,0,0
872,75,8.33333,16.6667,0,0,41.6667,25,33.3333,0,0
873,75,8.33333,16.6667,0,0,41.6667,25,33.3333,0,0
874,75,8.33333,16.6667,0,0,41.6667,25,33.3333,0,0
875,75,8.33333,16.6667,0,0,41.6667,25,33.3333,0,0
876,75,8.33333,16.6667,0,0,41.6667,25,33.3333,0,0
877,75,8.33333,16.6667,0,0,41.6667,25,33.3333,0,0
878,75,8.33333,16.6667,0,0,41.6667,25,33.3333,0,0
879,75,8.33333,16.6667,0,0,41.6667,25,33.3333,0,0
880,75,8.33333,16.6667,0,0,41.6667,25,33.3333,0,0
881,75,8.33333,16.6667,0,0,41.6667,25,33.3333,0,0
882,75,8.33333,16.6667,0,0,41.6667,25,33.3333,0,0
883,75,8.33333,16.6667,0,0,41.6667,25,33.3333,0,0
884,75,8.33333,16.6667,0,0,41.6667,25,33.3333,0,0
885,75,8.33333,16.6667,0,0,41.6667,25,33.3333,0,0
886,75,8.33333,16.6667,0,0,41.6667,25,33.3333,0,0
887,75,8.33333,16.6667,0,0,41.6667,25,33.3333,0,0
888,75,8.33333,16.6667,0,0,41.6667,25,33.3333,0,0
889,75,8.33333,16.6667,0,0,41.6667,25,33.3333,0,0
890,75,8.33333,16.6667,0,0,41.6667,25,33.3333,0,0
891,75,8.33333,16.6667,0,0,41.6667,25,33.3333,0,0
892,75,8.33333,16.6667,0,0,41.6667,25,33.3333,0,0
893,75,8.33333,16.6667,0,0,41.6667,25,33.3333,0,0
894,75,8.33333,16.6667,0,0,41.6667,25,33.3333,0,0
895,75,8.33333,16.6667,0,0,41.6667,25,33.3333,0,0
896,75,8.33333,16.6667,0,0,41.6667,25,33.3333,0,0
897,75,8.33333,16.6667,0,0,41.6667,25,33.3333,0,0
898,75,8.33333,16.6667,0,0,41.6667,25,33.3333,0,0
899,75,8.33333,16.6667,0,0,41.6667,25,33.3333,0,0
900,75,8.33333,16.6667,0,0,41.6667,25,33.3333,0,0
901,75,8.33333,16.6667,0,0,41.6667,25,33.3333,0,0
902,75,8.33333,16.6667,0,0,41.6667,25,33.3333,0,0
903,75,8.33333,16.6667,0,0,41.6667,25,33.3333,0,0
904,75,8.33333,16.6667,0,0,41.6667,25,33.3333,0,0
905,75,8.33333,16.6667,0,0,41.6667,25,33.3333,0,0
906,75,8.33333,16.6667,0,0,41.6667,25,33.3333,0,0
907,75,8.33333,16.6667,0,0,41.6667,25,33.3333,0,0
908,75,8.33333,16.6667,0,0,41.6667,25,33.3333,0,0
909,75,8.33333,16.6667,0,0,41.6667,25,33.3333,0,0
910,75,8.33333,16.6667,0,0,41.6667,25,33.3333,0,0
911,75,8.33333,16.6667,0,0,41.6667,25,33.3333,0,0
912,75,8.33333,16.6667,0,0,41.6667,25,33.3333,0,0
913,75,8.33333,16.6667,0,0,41.6667,25,33.3333,0,0
914,75,8.33333,16.6667,0,0,41.6667,25,33.3333,0,0
915,75,8.33333,16.6667,0,0,41.6667,25,33.3333,0,0
916,75,8.33333,16.6667,0,0,41.6667,25,33.3333,0,0
917,75,8.33333,16.6667,0,0,41.6667,25,33.3333,0,0
918,75,8.33333,16.6667,0,0,41.6667,25,33.3333,0,0
919,75,8.33333,16.6667,0,0,41.6667,25,33.3333,0,0
920,75,8.33333,16.6667,0,0,41.6667,25,33.3333,0,0
921,75,8.33333,16.6667,0,0,41.6667,25,33.3333,0,0
922,75,8.33333,16.6667,0,0,41.6667,25,33.3333,0,0
923,75,8.33333,16.6667,0,0,41.6667,25,33.3333,0,0
924,75,8.33333,16.6667,0,0,41.6667,25,33.3333,0,0
925,75,8.33333,16.6667,0,0,41.6667,25,33.3333,0,0
926,75,8.33333,16.6667,0,0,41.6667,25,33.3333,0,0
927,75,8.33333,16.6667,0,0,41.6667,25,33.3333,0,0
928,75,8.33333,16.6667,0,0,41.6667,25,33.3333,0,0
929,75,8.33333,16.6667,0,0,41.6667,25,33.3333,0,0
930,75,8.33333,16.6667,0,0,41.6667,25,33.3333,0,0
931,75,8.33333,16.6667,0,0,41.6667,25,33.3333,0,0
932,75,8.33333,16.6667,0,0,41.6667,25,33.3333,0,0
933,75,8.33333,16.6667,0,0,41.6667,25,33.3333,0,0
934,75,8.33333,16.6667,0,0,41.6667,25,33.3333,0,0
935,75,8.33333,16.6667,0,0,41.6667,25,33.3333,0,0
936,75,8.33333,16.6667,0,0,41.6667,25,33.3333,0,0
937,75,8.33333,16.6667,0,0,41.6667,25,33.3333,0,0
938,75,8.33333,16.6667,0,0,41.6667,25,33.3333,0,0
939,75,8.33333,16.6667,0,0,41.6667,25,33.3333,0,0
940,75,8.33333,16.6667,0,0,41.6667,25,33.3333,0,0
941,75,8.33333,16.6667,0,0,41.6667,25,33.3333,0,0
942,75,8.33333,16.6667,0,0,41.6667,25,33.3333,0,0
943,75,8.33333,16.6667,0,0,41.6667,25,33.3333,0,0
944,75,8.33333,16.6667,0,0,41.6667,25,33.3333,0,0
945,75,8.33333,16.6667,0,0,41.6667,25,33.3333,0,0
946,75,8.33333,16.6667,0,0,41.6667,25,33.3333,0,0
947,75,8.33333,16.6667,0,0,41.6667,25,33.3333,0,0
948,75,8.33333,16.6667,0,0,41.6667,25,33.3333,0,0
949,75,8.33333,16.6667,0,0,41.6667,25,33.3333,0,0
950,75,8.33333,16.6667,0,0,41.6667,25,33.3333,0,0
